1,Algebra I,HS
2,Algebra II,HS
3,AP Biology,HS
4,AP Calculus AB,HS
5,AP Chemistry,HS
6,AP English 11: Language and Composition,HS
7,AP English 12: Literature and Composition,HS
8,AP French Language and Culture,HS
9,AP Physics 1,HS
10,AP Spanish Language and Culture,HS
11,AP Statistics,HS
12,AP United States Government,HS
13,AP United States History,HS
14,Art I,HS
15,Art II,HS
16,Art III,HS
17,Biology,HS
18,Chemistry,HS
19,Concert Band,HS
20,Concert Chorus,HS
21,Culinary Arts I,HS
22,Culinary Arts II,HS
23,Earth Science,HS
24,English 10,HS
25,English 11,HS
26,English 12,HS
27,English 9,HS
28,French I,HS
29,French II,HS
30,French III,HS
31,Geometry,HS
32,Health & Physical Education 10,HS
33,Health and Physical Education 9,HS
34,Physics,HS
35,Probability and Statistics,HS
36,Spanish I,HS
37,Spanish II,HS
38,Spanish III,HS
39,World History I,HS
40,World History II,HS
,Grade K-A,ES
,Grade K-B,ES
,Grade K-C,ES
,Grade 1-A,ES
,Grade 1-B,ES
,Grade 1-C,ES
,Grade 2-A,ES
,Grade 2-B,ES
,Grade 2-C,ES
,Grade 3-A,ES
,Grade 3-B,ES
,Grade 3-C,ES
,Grade 4-A,ES
,Grade 4-B,ES
,Grade 4-C,ES
,Grade 5-A,ES
,Grade 5-B,ES
,Grade 5-C,ES
,Band,MS
,Chorus,MS
,Math 6-A,MS
,Math 6-B,MS
,Math 6-C,MS
,ELA 6-A,MS
,ELA 6-B,MS
,ELA 6-C,MS
,Social Studies 6-A,MS
,Social Studies 6-B,MS
,Social Studies 6-C,MS
,Science 6-A,MS
,Science 6-B,MS
,Science 6-C,MS
,Math 7-A,MS
,Math 7-B,MS
,Math 7-C,MS
,ELA 7-A,MS
,ELA 7-B,MS
,ELA 7-C,MS
,Social Studies 7-A,MS
,Social Studies 7-B,MS
,Social Studies 7-C,MS
,Science 7-A,MS
,Science 7-B,MS
,Science 7-C,MS
,Math 8-A,MS
,Math 8-B,MS
,Math 8-C,MS
,ELA 8-A,MS
,ELA 8-B,MS
,ELA 8-C,MS
,Social Studies 8-A,MS
,Social Studies 8-B,MS
,Social Studies 8-C,MS
,Science 8-A,MS
,Science 8-B,MS
,Science 8-C,MS
,Art 6,MS
,Art 7,MS
,Art 8,MS
,Physical Education 6,MS
,Physical Education 7,MS
,Physical Education 8,MS
,Music 6,MS
,Music 7,MS
,Music 8,MS
